{
  "method": "G-Safeguard-style supervised GAT adapter",
  "agent_label_policy": "strict_agent",
  "n": 50,
  "comparable_metrics": {
    "binary_accuracy": 0.7,
    "binary_report": {
      "safe": {
        "precision": 0.6904761904761905,
        "recall": 0.9354838709677419,
        "f1-score": 0.7945205479452054,
        "support": 31.0
      },
      "unsafe": {
        "precision": 0.75,
        "recall": 0.3157894736842105,
        "f1-score": 0.4444444444444444,
        "support": 19.0
      },
      "accuracy": 0.7,
      "macro avg": {
        "precision": 0.7202380952380952,
        "recall": 0.6256366723259762,
        "f1-score": 0.6194824961948249,
        "support": 50.0
      },
      "weighted avg": {
        "precision": 0.7130952380952381,
        "recall": 0.7,
        "f1-score": 0.6614916286149163,
        "support": 50.0
      }
    },
    "agent_localization_report": {
      "not_target": {
        "precision": 0.9573170731707317,
        "recall": 0.9345238095238095,
        "f1-score": 0.9457831325301205,
        "support": 168.0
      },
      "target_agent": {
        "precision": 0.35294117647058826,
        "recall": 0.46153846153846156,
        "f1-score": 0.4,
        "support": 13.0
      },
      "accuracy": 0.9005524861878453,
      "macro avg": {
        "precision": 0.65512912482066,
        "recall": 0.6980311355311355,
        "f1-score": 0.6728915662650603,
        "support": 181.0
      },
      "weighted avg": {
        "precision": 0.9139088595955832,
        "recall": 0.9005524861878453,
        "f1-score": 0.9065832390334819,
        "support": 181.0
      }
    },
    "agent_top1_hit": 0.36363636363636365,
    "agent_top2_hit": 0.7272727272727273,
    "agent_hit": 0.45454545454545453,
    "exact_agent_set": 0.09090909090909091,
    "run_auroc": 0.6485568760611206
  },
  "not_applicable": [
    "surface_f1",
    "objective_f1",
    "edge_tool_global_localization",
    "json_audit_quality"
  ]
}