{
  "method": "BlindGuard-style TAM anomaly adapter",
  "agent_label_policy": "agent_or_tool_owner",
  "n": 50,
  "comparable_metrics": {
    "binary_accuracy": 0.42,
    "binary_report": {
      "safe": {
        "precision": 0.75,
        "recall": 0.0967741935483871,
        "f1-score": 0.17142857142857143,
        "support": 31.0
      },
      "unsafe": {
        "precision": 0.391304347826087,
        "recall": 0.9473684210526315,
        "f1-score": 0.5538461538461539,
        "support": 19.0
      },
      "accuracy": 0.42,
      "macro avg": {
        "precision": 0.5706521739130435,
        "recall": 0.5220713073005093,
        "f1-score": 0.3626373626373627,
        "support": 50.0
      },
      "weighted avg": {
        "precision": 0.6136956521739131,
        "recall": 0.42,
        "f1-score": 0.31674725274725274,
        "support": 50.0
      }
    },
    "agent_localization_report": {
      "not_target": {
        "precision": 0.95,
        "recall": 0.6826347305389222,
        "f1-score": 0.794425087108014,
        "support": 167.0
      },
      "target_agent": {
        "precision": 0.13114754098360656,
        "recall": 0.5714285714285714,
        "f1-score": 0.21333333333333335,
        "support": 14.0
      },
      "accuracy": 0.6740331491712708,
      "macro avg": {
        "precision": 0.5405737704918032,
        "recall": 0.6270316509837468,
        "f1-score": 0.5038792102206736,
        "support": 181.0
      },
      "weighted avg": {
        "precision": 0.8866633457114392,
        "recall": 0.6740331491712708,
        "f1-score": 0.7494787636116299,
        "support": 181.0
      }
    },
    "agent_top1_hit": 0.5833333333333334,
    "agent_top2_hit": 0.6666666666666666,
    "agent_hit": 0.5833333333333334,
    "exact_agent_set": 0.4166666666666667,
    "run_auroc": 0.5398981324278438
  },
  "not_applicable": [
    "surface_f1",
    "objective_f1",
    "edge_tool_global_localization",
    "json_audit_quality"
  ]
}