{
  "method": "BlindGuard-style TAM anomaly adapter",
  "agent_label_policy": "strict_agent",
  "n": 50,
  "comparable_metrics": {
    "binary_accuracy": 0.44,
    "binary_report": {
      "safe": {
        "precision": 1.0,
        "recall": 0.0967741935483871,
        "f1-score": 0.17647058823529413,
        "support": 31.0
      },
      "unsafe": {
        "precision": 0.40425531914893614,
        "recall": 1.0,
        "f1-score": 0.5757575757575758,
        "support": 19.0
      },
      "accuracy": 0.44,
      "macro avg": {
        "precision": 0.7021276595744681,
        "recall": 0.5483870967741935,
        "f1-score": 0.376114081996435,
        "support": 50.0
      },
      "weighted avg": {
        "precision": 0.7736170212765957,
        "recall": 0.44,
        "f1-score": 0.32819964349376113,
        "support": 50.0
      }
    },
    "agent_localization_report": {
      "not_target": {
        "precision": 0.9568965517241379,
        "recall": 0.6607142857142857,
        "f1-score": 0.7816901408450704,
        "support": 168.0
      },
      "target_agent": {
        "precision": 0.12307692307692308,
        "recall": 0.6153846153846154,
        "f1-score": 0.20512820512820512,
        "support": 13.0
      },
      "accuracy": 0.6574585635359116,
      "macro avg": {
        "precision": 0.5399867374005305,
        "recall": 0.6380494505494505,
        "f1-score": 0.4934091729866378,
        "support": 181.0
      },
      "weighted avg": {
        "precision": 0.8970089540864926,
        "recall": 0.6574585635359116,
        "f1-score": 0.7402796150753507,
        "support": 181.0
      }
    },
    "agent_top1_hit": 0.6363636363636364,
    "agent_top2_hit": 0.7272727272727273,
    "agent_hit": 0.6363636363636364,
    "exact_agent_set": 0.45454545454545453,
    "run_auroc": 0.5483870967741935
  },
  "not_applicable": [
    "surface_f1",
    "objective_f1",
    "edge_tool_global_localization",
    "json_audit_quality"
  ]
}